{
  "n": 270,
  "overall": {
    "n": 270,
    "mean_acc_raw": 0.9530120481927711,
    "mean_acc_rendered": 0.952046783625731,
    "mean_acc_delta": -0.0012121212121212126,
    "mean_parseability_raw": 72.39665091399227,
    "mean_parseability_rendered": 72.63228852797197,
    "mean_universal_raw": 72.39665091399227,
    "mean_universal_rendered": 72.63228852797197
  },
  "by_tier": [
    {
      "label": "challenged=cf_challenge",
      "n": 8,
      "mean_acc_raw": 0.96,
      "mean_acc_rendered": 0.96,
      "mean_acc_delta": 0.0,
      "mean_parseability_raw": 71.34515642052556,
      "mean_parseability_rendered": 71.45281229725886,
      "mean_universal_raw": 71.34515642052556,
      "mean_universal_rendered": 71.45281229725886,
      "raw_fetch_failed": 3,
      "rendered_fetch_failed": 3
    },
    {
      "label": "challenged=robots_blocked",
      "n": 6,
      "mean_acc_raw": 1.0,
      "mean_acc_rendered": 1.0,
      "mean_acc_delta": 0.0,
      "mean_parseability_raw": 76.42584410136101,
      "mean_parseability_rendered": 75.58941178431829,
      "mean_universal_raw": 76.42584410136101,
      "mean_universal_rendered": 75.58941178431829,
      "raw_fetch_failed": 1,
      "rendered_fetch_failed": 1
    },
    {
      "label": "challenged=ua_variant",
      "n": 6,
      "mean_acc_raw": 0.9333333333333333,
      "mean_acc_rendered": 0.9333333333333333,
      "mean_acc_delta": 0.0,
      "mean_parseability_raw": 70.84610155655415,
      "mean_parseability_rendered": 71.82331987349134,
      "mean_universal_raw": 70.84610155655415,
      "mean_universal_rendered": 71.82331987349134,
      "raw_fetch_failed": 3,
      "rendered_fetch_failed": 3
    },
    {
      "label": "unknown",
      "n": 250,
      "mean_acc_raw": 0.9516339869281046,
      "mean_acc_rendered": 0.950632911392405,
      "mean_acc_delta": -0.001315789473684211,
      "mean_parseability_raw": 72.3297434277361,
      "mean_parseability_rendered": 72.59139403958764,
      "mean_universal_raw": 72.3297434277361,
      "mean_universal_rendered": 72.59139403958764,
      "raw_fetch_failed": 97,
      "rendered_fetch_failed": 92
    }
  ],
  "by_profile": [
    {
      "label": "article",
      "n": 56,
      "mean_acc_raw": 0.9609756097560975,
      "mean_acc_rendered": 0.9619047619047619,
      "mean_acc_delta": 0.004878048780487804,
      "mean_parseability_raw": 74.2856887853295,
      "mean_parseability_rendered": 74.1854166244076,
      "mean_universal_raw": 74.2856887853295,
      "mean_universal_rendered": 74.1854166244076,
      "raw_fetch_failed": 15,
      "rendered_fetch_failed": 14
    },
    {
      "label": "faq",
      "n": 27,
      "mean_acc_raw": 0.9714285714285714,
      "mean_acc_rendered": 0.9733333333333334,
      "mean_acc_delta": 0.0,
      "mean_parseability_raw": 72.44414224702413,
      "mean_parseability_rendered": 73.16662255913975,
      "mean_universal_raw": 72.44414224702413,
      "mean_universal_rendered": 73.16662255913975,
      "raw_fetch_failed": 13,
      "rendered_fetch_failed": 12
    },
    {
      "label": "landing",
      "n": 47,
      "mean_acc_raw": 0.904,
      "mean_acc_rendered": 0.8916666666666667,
      "mean_acc_delta": -0.008333333333333331,
      "mean_parseability_raw": 70.55544507440204,
      "mean_parseability_rendered": 71.36105930109278,
      "mean_universal_raw": 70.55544507440204,
      "mean_universal_rendered": 71.36105930109278,
      "raw_fetch_failed": 22,
      "rendered_fetch_failed": 23
    },
    {
      "label": "reference",
      "n": 63,
      "mean_acc_raw": 0.9658536585365853,
      "mean_acc_rendered": 0.9560975609756097,
      "mean_acc_delta": -0.00975609756097561,
      "mean_parseability_raw": 73.08219603867829,
      "mean_parseability_rendered": 72.88939135958893,
      "mean_universal_raw": 73.08219603867829,
      "mean_universal_rendered": 72.88939135958893,
      "raw_fetch_failed": 22,
      "rendered_fetch_failed": 22
    },
    {
      "label": "sample",
      "n": 24,
      "mean_acc_raw": 0.975,
      "mean_acc_rendered": 0.9777777777777777,
      "mean_acc_delta": 0.0,
      "mean_parseability_raw": 68.34616209226678,
      "mean_parseability_rendered": 69.92184118181157,
      "mean_universal_raw": 68.34616209226678,
      "mean_universal_rendered": 69.92184118181157,
      "raw_fetch_failed": 16,
      "rendered_fetch_failed": 15
    },
    {
      "label": "tutorial",
      "n": 53,
      "mean_acc_raw": 0.9513513513513514,
      "mean_acc_rendered": 0.96,
      "mean_acc_delta": 0.005405405405405404,
      "mean_parseability_raw": 71.64560429410477,
      "mean_parseability_rendered": 71.91018655163283,
      "mean_universal_raw": 71.64560429410477,
      "mean_universal_rendered": 71.91018655163283,
      "raw_fetch_failed": 16,
      "rendered_fetch_failed": 13
    }
  ],
  "by_vendor": [
    {
      "label": "aws",
      "n": 26,
      "mean_acc_raw": 0.9733333333333334,
      "mean_acc_rendered": 0.98,
      "mean_acc_delta": 0.0,
      "mean_parseability_raw": 79.57849273802093,
      "mean_parseability_rendered": 80.04538716869185,
      "mean_universal_raw": 79.57849273802093,
      "mean_universal_rendered": 80.04538716869185,
      "raw_fetch_failed": 11,
      "rendered_fetch_failed": 6
    },
    {
      "label": "clickhouse",
      "n": 27,
      "mean_acc_raw": 0.9230769230769231,
      "mean_acc_rendered": 0.9384615384615385,
      "mean_acc_delta": 0.015384615384615382,
      "mean_parseability_raw": 73.24907039553628,
      "mean_parseability_rendered": 73.09536025343918,
      "mean_universal_raw": 73.24907039553628,
      "mean_universal_rendered": 73.09536025343918,
      "raw_fetch_failed": 14,
      "rendered_fetch_failed": 14
    },
    {
      "label": "cloudflare",
      "n": 29,
      "mean_acc_raw": 0.9578947368421052,
      "mean_acc_rendered": 0.9578947368421052,
      "mean_acc_delta": 0.0,
      "mean_parseability_raw": 69.49519128403897,
      "mean_parseability_rendered": 69.56002717573219,
      "mean_universal_raw": 69.49519128403897,
      "mean_universal_rendered": 69.56002717573219,
      "raw_fetch_failed": 10,
      "rendered_fetch_failed": 10
    },
    {
      "label": "databricks",
      "n": 27,
      "mean_acc_raw": 0.9384615384615385,
      "mean_acc_rendered": 0.9230769230769231,
      "mean_acc_delta": -0.015384615384615382,
      "mean_parseability_raw": 80.01317701721926,
      "mean_parseability_rendered": 80.02065828074005,
      "mean_universal_raw": 80.01317701721926,
      "mean_universal_rendered": 80.02065828074005,
      "raw_fetch_failed": 14,
      "rendered_fetch_failed": 14
    },
    {
      "label": "huggingface",
      "n": 27,
      "mean_acc_raw": 0.95,
      "mean_acc_rendered": 0.92,
      "mean_acc_delta": 0.0,
      "mean_parseability_raw": 72.05419314248569,
      "mean_parseability_rendered": 74.57816427926666,
      "mean_universal_raw": 72.05419314248569,
      "mean_universal_rendered": 74.57816427926666,
      "raw_fetch_failed": 23,
      "rendered_fetch_failed": 22
    },
    {
      "label": "learn",
      "n": 27,
      "mean_acc_raw": 0.9529411764705883,
      "mean_acc_rendered": 0.9647058823529412,
      "mean_acc_delta": 0.01176470588235294,
      "mean_parseability_raw": 78.80307353452137,
      "mean_parseability_rendered": 75.58542350925175,
      "mean_universal_raw": 78.80307353452137,
      "mean_universal_rendered": 75.58542350925175,
      "raw_fetch_failed": 10,
      "rendered_fetch_failed": 10
    },
    {
      "label": "mongodb",
      "n": 28,
      "mean_acc_raw": 0.9473684210526316,
      "mean_acc_rendered": 0.9263157894736842,
      "mean_acc_delta": -0.021052631578947368,
      "mean_parseability_raw": 64.62696022672685,
      "mean_parseability_rendered": 64.62696022672685,
      "mean_universal_raw": 64.62696022672685,
      "mean_universal_rendered": 64.62696022672685,
      "raw_fetch_failed": 9,
      "rendered_fetch_failed": 9
    },
    {
      "label": "python",