{
  "n": 43,
  "overall": {
    "n": 43,
    "mean_acc_raw": 0.7388888888888889,
    "mean_acc_rendered": 0.6976744186046512,
    "mean_acc_delta": -0.02222222222222223,
    "mean_parseability_raw": 52.91292661878935,
    "mean_parseability_rendered": 54.565038202018755,
    "mean_universal_raw": 53.730051707773875,
    "mean_universal_rendered": 55.2078790895365
  },
  "by_tier": [
    {
      "label": "tier1",
      "n": 36,
      "mean_acc_raw": 0.7388888888888889,
      "mean_acc_rendered": 0.7166666666666667,
      "mean_acc_delta": -0.02222222222222223,
      "mean_parseability_raw": 52.91292661878935,
      "mean_parseability_rendered": 53.87547185922506,
      "mean_universal_raw": 53.730051707773875,
      "mean_universal_rendered": 54.865006046947144,
      "raw_fetch_failed": 0,
      "rendered_fetch_failed": 0
    },
    {
      "label": "tier2",
      "n": 7,
      "mean_acc_raw": null,
      "mean_acc_rendered": 0.6,
      "mean_acc_delta": null,
      "mean_parseability_raw": null,
      "mean_parseability_rendered": 58.111379393529184,
      "mean_universal_raw": null,
      "mean_universal_rendered": 56.9712261657103,
      "raw_fetch_failed": 7,
      "rendered_fetch_failed": 0
    }
  ],
  "by_profile": [
    {
      "label": "article",
      "n": 12,
      "mean_acc_raw": 0.8,
      "mean_acc_rendered": 0.7333333333333334,
      "mean_acc_delta": 0.0,
      "mean_parseability_raw": 50.889942040131984,
      "mean_parseability_rendered": 52.56804044037502,
      "mean_universal_raw": 52.43059574819641,
      "mean_universal_rendered": 53.65180034635445,
      "raw_fetch_failed": 3,
      "rendered_fetch_failed": 0
    },
    {
      "label": "faq",
      "n": 3,
      "mean_acc_raw": 1.0,
      "mean_acc_rendered": 0.9333333333333333,
      "mean_acc_delta": -0.06666666666666665,
      "mean_parseability_raw": 56.711455651973715,
      "mean_parseability_rendered": 57.0105487321357,
      "mean_universal_raw": 60.609718647076065,
      "mean_universal_rendered": 60.85699426911023,
      "raw_fetch_failed": 0,
      "rendered_fetch_failed": 0
    },
    {
      "label": "landing",
      "n": 4,
      "mean_acc_raw": 0.6,
      "mean_acc_rendered": 0.65,
      "mean_acc_delta": 0.0,
      "mean_parseability_raw": 51.306097528993334,
      "mean_parseability_rendered": 55.64122034685637,
      "mean_universal_raw": 51.306097528993334,
      "mean_universal_rendered": 55.64122034685637,
      "raw_fetch_failed": 1,
      "rendered_fetch_failed": 0
    },
    {
      "label": "reference",
      "n": 12,
      "mean_acc_raw": 0.6833333333333333,
      "mean_acc_rendered": 0.6833333333333333,
      "mean_acc_delta": -9.25185853854297e-18,
      "mean_parseability_raw": 51.46772646864249,
      "mean_parseability_rendered": 53.15718203681867,
      "mean_universal_raw": 52.34846992630424,
      "mean_universal_rendered": 54.001743578329254,
      "raw_fetch_failed": 0,
      "rendered_fetch_failed": 0
    },
    {
      "label": "sample",
      "n": 2,
      "mean_acc_raw": 0.8,
      "mean_acc_rendered": 0.7,
      "mean_acc_delta": 0.0,
      "mean_parseability_raw": 44.87094861660079,
      "mean_parseability_rendered": 58.227576179270024,
      "mean_universal_raw": 44.87094861660079,
      "mean_universal_rendered": 58.227576179270024,
      "raw_fetch_failed": 1,
      "rendered_fetch_failed": 0
    },
    {
      "label": "tutorial",
      "n": 10,
      "mean_acc_raw": 0.7,
      "mean_acc_rendered": 0.62,
      "mean_acc_delta": -0.07500000000000002,
      "mean_parseability_raw": 57.539944266502104,
      "mean_parseability_rendered": 56.754229301810945,
      "mean_universal_raw": 56.700807935704006,
      "mean_universal_rendered": 56.05052572005686,
      "raw_fetch_failed": 2,
      "rendered_fetch_failed": 0
    }
  ],
  "by_vendor": [
    {
      "label": "anthropic",
      "n": 5,
      "mean_acc_raw": 0.76,
      "mean_acc_rendered": 0.72,
      "mean_acc_delta": -0.040000000000000015,
      "mean_parseability_raw": 44.49195319258362,
      "mean_parseability_rendered": 44.850330884215786,
      "mean_universal_raw": 47.687080107916806,
      "mean_universal_rendered": 48.565609888053615,
      "raw_fetch_failed": 0,
      "rendered_fetch_failed": 0
    },
    {
      "label": "aws",
      "n": 2,
      "mean_acc_raw": 0.9,
      "mean_acc_rendered": 1.0,
      "mean_acc_delta": 0.09999999999999998,
      "mean_parseability_raw": 62.39062137049942,
      "mean_parseability_rendered": 62.39062137049942,
      "mean_universal_raw": 60.303716608594655,
      "mean_universal_rendered": 60.303716608594655,
      "raw_fetch_failed": 0,
      "rendered_fetch_failed": 0
    },
    {
      "label": "docker",
      "n": 3,
      "mean_acc_raw": 0.7,
      "mean_acc_rendered": 0.7333333333333334,
      "mean_acc_delta": 0.0,
      "mean_parseability_raw": 65.86387573324771,
      "mean_parseability_rendered": 67.59702139798067,
      "mean_universal_raw": 65.86387573324771,
      "mean_universal_rendered": 67.59702139798067,
      "raw_fetch_failed": 1,
      "rendered_fetch_failed": 0
    },
    {
      "label": "gcp",
      "n": 1,
      "mean_acc_raw": null,
      "mean_acc_rendered": 0.6,
      "mean_acc_delta": null,
      "mean_parseability_raw": null,
      "mean_parseability_rendered": 71.56894821180958,
      "mean_universal_raw": null,
      "mean_universal_rendered": 71.56894821180958,
      "raw_fetch_failed": 1,
      "rendered_fetch_failed": 0
    },
    {
      "label": "github",
      "n": 4,
      "mean_acc_raw": 0.44999999999999996,
      "mean_acc_rendered": 0.44999999999999996,
      "mean_acc_delta": 0.0,
      "mean_parseability_raw": 54.48983638661485,
      "mean_parseability_rendered": 54.46739017493422,
      "mean_universal_raw": 55.564831853713464,
      "mean_universal_rendered": 55.546744913108604,
      "raw_fetch_failed": 0,
      "rendered_fetch_failed": 0
    },
    {
      "label": "k8s",
      "n": 2,
      "mean_acc_raw": 0.8,
      "mean_acc_rendered": 0.8,
      "mean_acc_delta": 0.0,
      "mean_parseability_raw": 69.80374824159728,
      "mean_parseability_rendered": 69.79465625362253,
      "mean_universal_raw": 70.47732887590209,
      "mean_universal_rendered": 70.46646289737902,
      "raw_fetch_failed": 0,
      "rendered_fetch_failed": 0
    },
    {
      "label": "learn",
      "n": 4,
      "mean_acc_raw": 0.9,
      "mean_acc_rendered": 0.8,
      "mean_acc_delta": -0.10000000000000003,
      "mean_parseability_raw": 64.14024976414498,
      "mean_parseability_rendered": 72.58306896096654,
      "mean_universal_raw": 62.64436057758772,
      "mean_universal_rendered": 72.10962640647485,
      "raw_fetch_failed": 0,
      "rendered_fetch_failed": 0
    },
    {
      "label": "mdn",
      "n": 2,
      "mean_acc_raw": 0.7,
      "mean_acc_rendered": 0.7,
      "mean_acc_delta": 0.0,
      "mean_parseability_raw": 58.74093743444966,
      "mean_parseability_rendered": 56.57196516003583,
      "mean_universal_raw": 58.74093743444966,
      "mean_universal_rendered": 56.57196516003583,
      "raw_fetch_failed": 0,
      "rendered_fetch_failed": 0
    },
    {
      "label": "nodejs",
      "n": 2,
      "mean_acc_raw": 0.7,
      "mean_acc_rendered": 0.7,
      "mean_acc_delta": 0.0,
      "mean_parseability_raw": 52.638981490278546,
      "mean_parseability_rendered": 52.638981490278546,
      "mean_universal_raw": 54.371562687297015,
      "mean_universal_rendered": 54.371562687297015,
      "raw_fetch_failed": 0,
      "rendered_fetch_failed": 0
    },
    {
      "label": "openai",
      "n": 2,
      "mean_acc_raw": null,
      "mean_acc_rendered": 0.7,
      "mean_acc_delta": null,
      "mean_parseability_raw": null,
      "mean_parseability_rendered": 52.76839674475853,
      "mean_universal_raw": null,
      "mean_universal_rendered": 50.29380830489774,
      "raw_fetch_failed": 2,
      "rendered_fetch_failed": 0
    },
    {
      "label": "perplexity",
      "n": 2,